Model,RMSE,MAE
SARIMAX[7],3.4942020245351677,1.5536291937125994
SARIMAX + hgb_centered residual boost,3.962171082031832,2.019843158834647
SARIMAX + Tree residual boost,4.696514799607443,1.9708332958539139
